{"accuracy": [0.376049667596817, 0.5096750855445862, 0.5545819401741028, 0.6078860759735107, 0.6228550672531128, 0.6451259851455688, 0.6677619814872742, 0.6841912865638733, 0.7104783058166504, 0.7404162287712097, 0.7473530769348145, 0.7710843086242676, 0.7747353315353394], "loss": [1.3848737478256226, 1.1806647777557373, 1.1204464435577393, 1.0050156116485596, 0.9606868624687195, 0.9130011796951294, 0.859503448009491, 0.8003441095352173, 0.7497913241386414, 0.6882910132408142, 0.6475722789764404, 0.5952663421630859, 0.5871031880378723], "val_accuracy": [0.48110830783843994, 0.496221661567688, 0.5869017839431763, 0.5969773530960083, 0.6045340299606323, 0.6322417855262756, 0.5919395685195923, 0.6347606778144836, 0.6322417855262756, 0.6700251698493958, 0.5944584608078003, 0.6649873852729797, 0.6523929238319397], "val_loss": [1.1992666721343994, 1.1344653367996216, 1.0121554136276245, 1.0195363759994507, 0.9332606196403503, 0.9494389891624451, 1.0846190452575684, 0.917123556137085, 0.9212121367454529, 0.9300221800804138, 1.0072087049484253, 1.0436371564865112, 1.0783883333206177]}