{"lenet_model": {"loss": 0.8738107085227966, "accuracy": 0.6725440621376038}, "vgg16_model": {"loss": 1.0109914541244507, "accuracy": 0.6927016377449036}, "augmented_vgg16_model": {"loss": 0.6569669246673584, "accuracy": 0.7605633735656738}}