{"accuracy": [0.6228550672531128, 0.8572471737861633, 0.921139121055603, 0.9733479619026184, 0.9916027784347534, 0.9974443316459656, 0.996349036693573, 0.9981744885444641, 0.9985396265983582], "loss": [1.1846836805343628, 0.4014284312725067, 0.25003358721733093, 0.12686821818351746, 0.07141562551259995, 0.043320976197719574, 0.03345610201358795, 0.025181256234645844, 0.020165521651506424], "val_accuracy": [0.7732997536659241, 0.8136020302772522, 0.7783375382423401, 0.8035264611244202, 0.8261964917182922, 0.8161209225654602, 0.8287153840065002, 0.8236775994300842, 0.8110831379890442], "val_loss": [0.6564733982086182, 0.5714384317398071, 0.5996947288513184, 0.5179327130317688, 0.5186160206794739, 0.5494893789291382, 0.5465653538703918, 0.5860512852668762, 0.5977222323417664]}